{
  "haste": {
    "defaultPlatform": "ios",
    "platforms": ["android", "ios", "native"],
    "providesModuleNodeModules": [
      "react-native"
    ]
  },
  "moduleNameMapper": {
    "^[./a-zA-Z0-9$_-]+\\.(bmp|gif|jpg|jpeg|png|psd|svg|webp)$": "RelativeImageStub",
    "^React$": "<rootDir>/node_modules/react"
  },
  "modulePathIgnorePatterns": [
    "<rootDir>/node_modules/react-native/Libraries/react-native/",
    "<rootDir>/node_modules/react-native/packager/"
  ],
  "transformIgnorePatterns": [
    "node_modules/(?!(jest-)?react-native|react-clone-referenced-element)"
  ],
  "setupFiles": [
    "<rootDir>/node_modules/react-native/jest/setup.js"
  ],
  "testEnvironment": "node"
}
